{
	"song": {
		"bpm": 130,
		"needsVoices": true,
		"notes": [
			{
				"altAnim": false,
				"bpm": 150,
				"changeBPM": false,
				"lengthInSteps": 16,
				"mustHitSection": false,
				"sectionNotes": [
					[
						0,
						0,
						0
					],
					[
						115.384615384615,
						3,
						0
					],
					[
						230.769230769231,
						2,
						0
					],
					[
						346.153846153846,
						1,
						0
					],
					[
						461.538461538462,
						2,
						0
					],
					[
						576.923076923077,
						1,
						0
					],
					[
						692.307692307692,
						2,
						0
					],
					[
						807.692307692308,
						1,
						0
					],
					[
						923.076923076923,
						2,
						0
					],
					[
						1038.46153846154,
						1,
						0
					],
					[
						1153.84615384615,
						2,
						0
					],
					[
						1269.23076923077,
						1,
						0
					],
					[
						1384.61538461538,
						2,
						0
					],
					[
						1500,
						3,
						0
					],
					[
						1615.38461538462,
						0,
						0
					],
					[
						1730.76923076923,
						1,
						0
					]
				],
				"typeOfSection": 0
			},
			{
				"altAnim": false,
				"bpm": 130,
				"changeBPM": false,
				"lengthInSteps": 16,
				"mustHitSection": true,
				"sectionNotes": [
					[
						1846.15384615385,
						0,
						0
					],
					[
						1961.53846153846,
						3,
						0
					],
					[
						2076.92307692308,
						2,
						0
					],
					[
						2192.30769230769,
						1,
						0
					],
					[
						2307.69230769231,
						2,
						0
					],
					[
						2423.07692307692,
						1,
						0
					],
					[
						2538.46153846154,
						2,
						0
					],
					[
						2653.84615384615,
						1,
						0
					],
					[
						2769.23076923077,
						2,
						0
					],
					[
						2884.61538461538,
						1,
						0
					],
					[
						3000,
						2,
						0
					],
					[
						3115.38461538462,
						1,
						0
					],
					[
						3230.76923076923,
						2,
						0
					],
					[
						3346.15384615385,
						3,
						0
					],
					[
						3461.53846153846,
						0,
						0
					],
					[
						3576.92307692308,
						1,
						0
					]
				],
				"typeOfSection": 0
			},
			{
				"altAnim": false,
				"bpm": 130,
				"changeBPM": false,
				"lengthInSteps": 16,
				"mustHitSection": false,
				"sectionNotes": [
					[
						3692.30769230769,
						0,
						0
					],
					[
						3807.69230769231,
						3,
						0
					],
					[
						3923.07692307692,
						1,
						0
					],
					[
						4038.46153846154,
						2,
						0
					],
					[
						4145.19230769231,
						0,
						0
					],
					[
						4176.92307692308,
						1,
						0
					],
					[
						4220.19230769231,
						3,
						0
					],
					[
						4243.26923076923,
						2,
						0
					],
					[
						4286.53846153846,
						0,
						0
					],
					[
						4338.46153846154,
						1,
						0
					],
					[
						4422.11538461538,
						2,
						0
					],
					[
						4425,
						3,
						0
					],
					[
						4540.38461538462,
						2,
						0
					],
					[
						4523.07692307692,
						0,
						0
					],
					[
						4491.34615384615,
						1,
						0
					],
					[
						4615.38461538462,
						1,
						0
					],
					[
						4730.76923076923,
						2,
						692.307692307692
					],
					[
						4961.53846153846,
						0,
						0
					],
					[
						5192.30769230769,
						3,
						0
					],
					[
						5307.69230769231,
						2,
						0
					],
					[
						5423.07692307692,
						2,
						0
					],
					[
						5345.19230769231,
						1,
						0
					],
					[
						5316.34615384615,
						0,
						0
					],
					[
						5261.53846153846,
						1,
						0
					],
					[
						5368.26923076923,
						3,
						0
					],
					[
						5206.73076923077,
						2,
						0
					],
					[
						5166.34615384615,
						0,
						0
					],
					[
						5151.92307692308,
						1,
						0
					],
					[
						5027.88461538462,
						1,
						0
					],
					[
						5108.65384615385,
						2,
						0
					],
					[
						5050.96153846154,
						3,
						0
					],
					[
						5025,
						2,
						0
					],
					[
						4987.5,
						2,
						0
					],
					[
						4909.61538461538,
						3,
						0
					],
					[
						4851.92307692308,
						3,
						0
					],
					[
						4921.15384615385,
						2,
						0
					],
					[
						4921.15384615385,
						1,
						0
					],
					[
						4843.26923076923,
						1,
						0
					],
					[
						4828.84615384615,
						0,
						0
					]
				],
				"typeOfSection": 0
			},
			{
				"altAnim": false,
				"bpm": 130,
				"changeBPM": false,
				"lengthInSteps": 16,
				"mustHitSection": true,
				"sectionNotes": [
					[
						5538.46153846154,
						0,
						0
					],
					[
						5653.84615384615,
						3,
						0
					],
					[
						5769.23076923077,
						2,
						0
					],
					[
						5884.61538461538,
						0,
						0
					],
					[
						6308.65384615385,
						2,
						0
					],
					[
						6461.53846153846,
						2,
						0
					],
					[
						6576.92307692308,
						0,
						0
					],
					[
						6530.76923076923,
						1,
						0
					],
					[
						6692.30769230769,
						3,
						0
					],
					[
						6726.92307692308,
						0,
						0
					],
					[
						6807.69230769231,
						1,
						0
					],
					[
						6923.07692307692,
						2,
						0
					],
					[
						7153.84615384615,
						2,
						0
					],
					[
						6989.42307692308,
						1,
						0
					],
					[
						7038.46153846154,
						0,
						0
					],
					[
						7084.61538461538,
						3,
						0
					],
					[
						6000,
						3,
						0
					],
					[
						6080.76923076923,
						0,
						0
					],
					[
						6115.38461538462,
						3,
						0
					],
					[
						6147.11538461538,
						1,
						0
					]
				],
				"typeOfSection": 0
			},
			{
				"altAnim": false,
				"bpm": 130,
				"changeBPM": false,
				"lengthInSteps": 16,
				"mustHitSection": false,
				"sectionNotes": [
					[
						7384.61538461538,
						2,
						923.076923076923
					],
					[
						7384.61538461538,
						0,
						923.076923076923
					],
					[
						8423.07692307692,
						1,
						692.307692307692
					],
					[
						8423.07692307692,
						3,
						692.307692307692
					]
				],
				"typeOfSection": 0
			},
			{
				"altAnim": false,
				"bpm": 130,
				"changeBPM": false,
				"lengthInSteps": 16,
				"mustHitSection": true,
				"sectionNotes": [
					[
						9230.76923076923,
						2,
						923.076923076923
					],
					[
						9230.76923076923,
						0,
						923.076923076923
					],
					[
						10269.2307692308,
						1,
						692.307692307692
					],
					[
						10269.2307692308,
						3,
						692.307692307692
					]
				],
				"typeOfSection": 0
			},
			{
				"altAnim": false,
				"bpm": 130,
				"changeBPM": false,
				"lengthInSteps": 16,
				"mustHitSection": false,
				"sectionNotes": [],
				"typeOfSection": 0
			},
			{
				"altAnim": false,
				"bpm": 130,
				"changeBPM": false,
				"lengthInSteps": 16,
				"mustHitSection": true,
				"sectionNotes": [],
				"typeOfSection": 0
			},
			{
				"altAnim": true,
				"bpm": 130,
				"changeBPM": false,
				"lengthInSteps": 16,
				"mustHitSection": false,
				"sectionNotes": [
					[
						15230.7692307692,
						0,
						0
					],
					[
						15807.6923076923,
						1,
						0
					],
					[
						16384.6153846154,
						2,
						0
					]
				],
				"typeOfSection": 0
			},
			{
				"altAnim": true,
				"bpm": 130,
				"changeBPM": false,
				"lengthInSteps": 16,
				"mustHitSection": false,
				"sectionNotes": [
					[
						17769.2307692308,
						1,
						0
					],
					[
						18346.1538461538,
						4,
						0
					],
					[
						17192.3076923077,
						3,
						0
					]
				],
				"typeOfSection": 0
			},
			{
				"altAnim": false,
				"bpm": 130,
				"changeBPM": false,
				"lengthInSteps": 16,
				"mustHitSection": true,